"n_estimators","root_mean_square_error","r2_score","mean_absolute_error","mean_absolute_percentage_error"
1,71.90227159662624,0.5081319642156839,21.815556118571067,0.20036704158212684
2,56.504930717046555,0.6962361617057597,19.768431720293894,0.18728039300747729
3,51.01714066590835,0.7523743623855822,19.01798834557892,0.18056352670956155
5,45.90129196442122,0.7995467058899279,18.11816569546491,0.17508200634975618
8,42.774735523592085,0.825924342483108,17.29218393716747,0.1656142269966963
13,40.69038624905847,0.8424759014322113,16.8098848200191,0.1616778760911449
21,39.36305180838795,0.852585263006226,16.344613751251703,0.15745977347035145
34,38.389596842564224,0.859786289942309,15.942786032578729,0.1550605372010239
55,37.91041170611008,0.8632647843012736,15.623493101780408,0.15121098472551978